-- MySQL dump 10.13  Distrib 5.7.21, for Linux (x86_64)
--
-- Host: localhost    Database: radius
-- ------------------------------------------------------
-- Server version	5.7.21-0ubuntu0.16.04.1

/*!40101 SET @OLD_CHARACTER_SET_CLIENT=@@CHARACTER_SET_CLIENT */;
/*!40101 SET @OLD_CHARACTER_SET_RESULTS=@@CHARACTER_SET_RESULTS */;
/*!40101 SET @OLD_COLLATION_CONNECTION=@@COLLATION_CONNECTION */;
/*!40101 SET NAMES utf8 */;
/*!40103 SET @OLD_TIME_ZONE=@@TIME_ZONE */;
/*!40103 SET TIME_ZONE='+00:00' */;
/*!40014 SET @OLD_UNIQUE_CHECKS=@@UNIQUE_CHECKS, UNIQUE_CHECKS=0 */;
/*!40014 SET @OLD_FOREIGN_KEY_CHECKS=@@FOREIGN_KEY_CHECKS, FOREIGN_KEY_CHECKS=0 */;
/*!40101 SET @OLD_SQL_MODE=@@SQL_MODE, SQL_MODE='NO_AUTO_VALUE_ON_ZERO' */;
/*!40111 SET @OLD_SQL_NOTES=@@SQL_NOTES, SQL_NOTES=0 */;

--
-- Table structure for table `nas`
--

DROP TABLE IF EXISTS `nas`;
/*!40101 SET @saved_cs_client     = @@character_set_client */;
/*!40101 SET character_set_client = utf8 */;
CREATE TABLE `nas` (
  `id` int(10) NOT NULL AUTO_INCREMENT,
  `nasname` varchar(128) NOT NULL,
  `shortname` varchar(32) DEFAULT NULL,
  `type` varchar(30) DEFAULT 'other',
  `ports` int(5) DEFAULT NULL,
  `secret` varchar(60) NOT NULL DEFAULT 'secret',
  `server` varchar(64) DEFAULT NULL,
  `community` varchar(50) DEFAULT NULL,
  `description` varchar(200) DEFAULT 'RADIUS Client',
  PRIMARY KEY (`id`),
  KEY `nasname` (`nasname`)
) ENGINE=InnoDB DEFAULT CHARSET=latin1;
/*!40101 SET character_set_client = @saved_cs_client */;

--
-- Dumping data for table `nas`
--

LOCK TABLES `nas` WRITE;
/*!40000 ALTER TABLE `nas` DISABLE KEYS */;
/*!40000 ALTER TABLE `nas` ENABLE KEYS */;
UNLOCK TABLES;

--
-- Table structure for table `radacct`
--

DROP TABLE IF EXISTS `radacct`;
/*!40101 SET @saved_cs_client     = @@character_set_client */;
/*!40101 SET character_set_client = utf8 */;
CREATE TABLE `radacct` (
  `radacctid` bigint(21) NOT NULL AUTO_INCREMENT,
  `acctsessionid` varchar(64) NOT NULL DEFAULT '',
  `acctuniqueid` varchar(32) NOT NULL DEFAULT '',
  `username` varchar(64) NOT NULL DEFAULT '',
  `groupname` varchar(64) NOT NULL DEFAULT '',
  `realm` varchar(64) DEFAULT '',
  `nasipaddress` varchar(15) NOT NULL DEFAULT '',
  `nasportid` varchar(15) DEFAULT NULL,
  `nasporttype` varchar(32) DEFAULT NULL,
  `acctstarttime` datetime DEFAULT NULL,
  `acctstoptime` datetime DEFAULT NULL,
  `acctsessiontime` int(12) unsigned DEFAULT NULL,
  `acctauthentic` varchar(32) DEFAULT NULL,
  `connectinfo_start` varchar(50) DEFAULT NULL,
  `connectinfo_stop` varchar(50) DEFAULT NULL,
  `acctinputoctets` bigint(20) DEFAULT NULL,
  `acctoutputoctets` bigint(20) DEFAULT NULL,
  `calledstationid` varchar(50) NOT NULL DEFAULT '',
  `callingstationid` varchar(50) NOT NULL DEFAULT '',
  `acctterminatecause` varchar(32) NOT NULL DEFAULT '',
  `servicetype` varchar(32) DEFAULT NULL,
  `framedprotocol` varchar(32) DEFAULT NULL,
  `framedipaddress` varchar(15) NOT NULL DEFAULT '',
  `acctstartdelay` int(12) unsigned DEFAULT NULL,
  `acctstopdelay` int(12) unsigned DEFAULT NULL,
  `xascendsessionsvrkey` varchar(10) DEFAULT NULL,
  PRIMARY KEY (`radacctid`),
  UNIQUE KEY `acctuniqueid` (`acctuniqueid`),
  KEY `username` (`username`),
  KEY `framedipaddress` (`framedipaddress`),
  KEY `acctsessionid` (`acctsessionid`),
  KEY `acctsessiontime` (`acctsessiontime`),
  KEY `acctstarttime` (`acctstarttime`),
  KEY `acctstoptime` (`acctstoptime`),
  KEY `nasipaddress` (`nasipaddress`)
) ENGINE=InnoDB AUTO_INCREMENT=133 DEFAULT CHARSET=latin1;
/*!40101 SET character_set_client = @saved_cs_client */;

--
-- Dumping data for table `radacct`
--

LOCK TABLES `radacct` WRITE;
/*!40000 ALTER TABLE `radacct` DISABLE KEYS */;
INSERT INTO `radacct` VALUES (130,'5adf796d00000001','f3eaf82f258cb84a','cnl','','','0.0.0.0','1','Wireless-802.11','2018-04-24 18:37:52','2018-04-24 18:51:49',837,'','','',299688,749759,'34-08-04-E0-96-BE','9C-EB-E8-21-B1-11','User-Request','','','192.168.182.2',0,0,''),(131,'5adf7cc500000001','d08b336e9de969f5','cnl','','','0.0.0.0','1','Wireless-802.11','2018-04-24 18:51:54','2018-04-24 19:05:58',844,'','','',335883,1678426,'34-08-04-E0-96-BE','9C-EB-E8-21-B1-11','User-Request','','','192.168.182.2',0,0,''),(132,'5adf801600000001','c2f1236a68e97abc','cnl','','','0.0.0.0','1','Wireless-802.11','2018-04-24 19:06:26',NULL,187,'','','',290091,1838355,'34-08-04-E0-96-BE','9C-EB-E8-21-B1-11','','','','192.168.182.2',0,0,'');
/*!40000 ALTER TABLE `radacct` ENABLE KEYS */;
UNLOCK TABLES;

--
-- Table structure for table `radcheck`
--

DROP TABLE IF EXISTS `radcheck`;
/*!40101 SET @saved_cs_client     = @@character_set_client */;
/*!40101 SET character_set_client = utf8 */;
CREATE TABLE `radcheck` (
  `id` int(11) unsigned NOT NULL AUTO_INCREMENT,
  `username` varchar(64) NOT NULL DEFAULT '',
  `attribute` varchar(64) NOT NULL DEFAULT '',
  `op` char(2) NOT NULL DEFAULT '==',
  `value` varchar(253) NOT NULL DEFAULT '',
  PRIMARY KEY (`id`),
  KEY `username` (`username`(32))
) ENGINE=InnoDB AUTO_INCREMENT=19 DEFAULT CHARSET=latin1;
/*!40101 SET character_set_client = @saved_cs_client */;

--
-- Dumping data for table `radcheck`
--

LOCK TABLES `radcheck` WRITE;
/*!40000 ALTER TABLE `radcheck` DISABLE KEYS */;
INSERT INTO `radcheck` VALUES (1,'ta','Cleartext-Password',':=','tatest'),(4,'cnl','Cleartext-Password',':=','cnl'),(5,'ta','Max-Hourly-Traffic',':=','1024'),(15,'cnl','Max-Hourly-Session',':=','3600'),(17,'cnl','Max-Hourly-Traffic',':=','10485760'),(18,'ta','Max-Hourly-Session',':=','3600');
/*!40000 ALTER TABLE `radcheck` ENABLE KEYS */;
UNLOCK TABLES;

--
-- Table structure for table `radgroupcheck`
--

DROP TABLE IF EXISTS `radgroupcheck`;
/*!40101 SET @saved_cs_client     = @@character_set_client */;
/*!40101 SET character_set_client = utf8 */;
CREATE TABLE `radgroupcheck` (
  `id` int(11) unsigned NOT NULL AUTO_INCREMENT,
  `groupname` varchar(64) NOT NULL DEFAULT '',
  `attribute` varchar(64) NOT NULL DEFAULT '',
  `op` char(2) NOT NULL DEFAULT '==',
  `value` varchar(253) NOT NULL DEFAULT '',
  PRIMARY KEY (`id`),
  KEY `groupname` (`groupname`(32))
) ENGINE=InnoDB DEFAULT CHARSET=latin1;
/*!40101 SET character_set_client = @saved_cs_client */;

--
-- Dumping data for table `radgroupcheck`
--

LOCK TABLES `radgroupcheck` WRITE;
/*!40000 ALTER TABLE `radgroupcheck` DISABLE KEYS */;
/*!40000 ALTER TABLE `radgroupcheck` ENABLE KEYS */;
UNLOCK TABLES;

--
-- Table structure for table `radgroupreply`
--

DROP TABLE IF EXISTS `radgroupreply`;
/*!40101 SET @saved_cs_client     = @@character_set_client */;
/*!40101 SET character_set_client = utf8 */;
CREATE TABLE `radgroupreply` (
  `id` int(11) unsigned NOT NULL AUTO_INCREMENT,
  `groupname` varchar(64) NOT NULL DEFAULT '',
  `attribute` varchar(64) NOT NULL DEFAULT '',
  `op` char(2) NOT NULL DEFAULT '=',
  `value` varchar(253) NOT NULL DEFAULT '',
  PRIMARY KEY (`id`),
  KEY `groupname` (`groupname`(32))
) ENGINE=InnoDB AUTO_INCREMENT=6 DEFAULT CHARSET=latin1;
/*!40101 SET character_set_client = @saved_cs_client */;

--
-- Dumping data for table `radgroupreply`
--

LOCK TABLES `radgroupreply` WRITE;
/*!40000 ALTER TABLE `radgroupreply` DISABLE KEYS */;
INSERT INTO `radgroupreply` VALUES (1,'user','Auth-Type',':=','CHAP'),(2,'user','Service-Type',':=','Framed-User'),(3,'user','Acct-Interim-Interval',':=','60'),(4,'user','Termination-Action',':=','1');
/*!40000 ALTER TABLE `radgroupreply` ENABLE KEYS */;
UNLOCK TABLES;

--
-- Table structure for table `radpostauth`
--

DROP TABLE IF EXISTS `radpostauth`;
/*!40101 SET @saved_cs_client     = @@character_set_client */;
/*!40101 SET character_set_client = utf8 */;
CREATE TABLE `radpostauth` (
  `id` int(11) NOT NULL AUTO_INCREMENT,
  `username` varchar(64) NOT NULL DEFAULT '',
  `pass` varchar(64) NOT NULL DEFAULT '',
  `reply` varchar(32) NOT NULL DEFAULT '',
  `authdate` timestamp NOT NULL DEFAULT CURRENT_TIMESTAMP ON UPDATE CURRENT_TIMESTAMP,
  PRIMARY KEY (`id`)
) ENGINE=InnoDB AUTO_INCREMENT=140 DEFAULT CHARSET=latin1;
/*!40101 SET character_set_client = @saved_cs_client */;

--
-- Dumping data for table `radpostauth`
--

LOCK TABLES `radpostauth` WRITE;
/*!40000 ALTER TABLE `radpostauth` DISABLE KEYS */;
INSERT INTO `radpostauth` VALUES (133,'ta','0x00bde8535e37bbd2e1752cce379dd5ffda','Access-Accept','2018-04-24 10:41:57'),(134,'ta','0x00af6da42ee7af0b228673d699f5d2991d','Access-Accept','2018-04-24 10:44:29'),(135,'cnl','0x0000d9514bbeeb6f268f2b5998b0e85e5f','Access-Accept','2018-04-24 10:51:54'),(136,'cnl','cnl','Access-Accept','2018-04-24 11:02:55'),(137,'cnl','0x00f38e11c776d4c818f96f78bb68ef1f29','Access-Accept','2018-04-24 11:06:26'),(138,'cnl','cnl','Access-Accept','2018-04-24 11:08:47'),(139,'cnl','cnl','Access-Accept','2018-04-24 11:08:52');
/*!40000 ALTER TABLE `radpostauth` ENABLE KEYS */;
UNLOCK TABLES;

--
-- Table structure for table `radreply`
--

DROP TABLE IF EXISTS `radreply`;
/*!40101 SET @saved_cs_client     = @@character_set_client */;
/*!40101 SET character_set_client = utf8 */;
CREATE TABLE `radreply` (
  `id` int(11) unsigned NOT NULL AUTO_INCREMENT,
  `username` varchar(64) NOT NULL DEFAULT '',
  `attribute` varchar(64) NOT NULL DEFAULT '',
  `op` char(2) NOT NULL DEFAULT '=',
  `value` varchar(253) NOT NULL DEFAULT '',
  PRIMARY KEY (`id`),
  KEY `username` (`username`(32))
) ENGINE=InnoDB AUTO_INCREMENT=2 DEFAULT CHARSET=latin1;
/*!40101 SET character_set_client = @saved_cs_client */;

--
-- Dumping data for table `radreply`
--

LOCK TABLES `radreply` WRITE;
/*!40000 ALTER TABLE `radreply` DISABLE KEYS */;
/*!40000 ALTER TABLE `radreply` ENABLE KEYS */;
UNLOCK TABLES;

--
-- Table structure for table `radusergroup`
--

DROP TABLE IF EXISTS `radusergroup`;
/*!40101 SET @saved_cs_client     = @@character_set_client */;
/*!40101 SET character_set_client = utf8 */;
CREATE TABLE `radusergroup` (
  `username` varchar(64) NOT NULL DEFAULT '',
  `groupname` varchar(64) NOT NULL DEFAULT '',
  `priority` int(11) NOT NULL DEFAULT '1',
  KEY `username` (`username`(32))
) ENGINE=InnoDB DEFAULT CHARSET=latin1;
/*!40101 SET character_set_client = @saved_cs_client */;

--
-- Dumping data for table `radusergroup`
--

LOCK TABLES `radusergroup` WRITE;
/*!40000 ALTER TABLE `radusergroup` DISABLE KEYS */;
INSERT INTO `radusergroup` VALUES ('cnl','user',1),('ta','user',1);
/*!40000 ALTER TABLE `radusergroup` ENABLE KEYS */;
UNLOCK TABLES;
/*!40103 SET TIME_ZONE=@OLD_TIME_ZONE */;

/*!40101 SET SQL_MODE=@OLD_SQL_MODE */;
/*!40014 SET FOREIGN_KEY_CHECKS=@OLD_FOREIGN_KEY_CHECKS */;
/*!40014 SET UNIQUE_CHECKS=@OLD_UNIQUE_CHECKS */;
/*!40101 SET CHARACTER_SET_CLIENT=@OLD_CHARACTER_SET_CLIENT */;
/*!40101 SET CHARACTER_SET_RESULTS=@OLD_CHARACTER_SET_RESULTS */;
/*!40101 SET COLLATION_CONNECTION=@OLD_COLLATION_CONNECTION */;
/*!40111 SET SQL_NOTES=@OLD_SQL_NOTES */;

-- Dump completed on 2018-04-24 19:30:01
